ABOAB Zoe 1A 2 zoe.aboab@esme.fr
AGERON DIT BLANC Gabriel 1B 1 gabriel.ageron-dit-blanc@esme.fr
AKPAH Erur 1C 1 erur.akpah@esme.fr
AL MOURABIT Sofian 1D 1 sofian.al-mourabit@esme.fr
ALIBERT Adam 1E 1 adam.alibert@esme.fr
ALIOUA Ines 1F 2 ines.alioua@esme.fr
ALLAIRE Loann 1G 2 loann.allaire@esme.fr
AMARAGGI Lea 1H 1 lea.amaraggi@esme.fr
ANDRO Florian 1A 1 florian.andro@esme.fr
ANEJJAR Adil 1B 1 adil.anejjar@esme.fr
ANGOULVANT Victor 1C 1 victor.angoulvant@esme.fr
APERCE Maxime 1D 1 maxime.aperce@esme.fr
ASSANGA BISSE Lauren 1E 1 lauren.assanga-bisse@esme.fr
ASSUIED Illan 1F 1 illan.assuied@esme.fr
AU Stanley 1G 1 stanley.au@esme.fr
AUTONES Antoine 1H 1 antoine.autones@esme.fr
AVARD Naewen 1A 1 naewen.avard@esme.fr
AVELINE Remi 1B 1 remi.aveline@esme.fr
BAGUENA Emmanuel 1C 1 emmanuel.baguena@esme.fr
BAILLEUL Clara 1D 2 clara.bailleul@esme.fr
BALIN Solene 1E 2 solene.balin@esme.fr
BALY Auriane 1F 1 auriane.baly@esme.fr
BARANES Theophile 1G 1 theophile.baranes@esme.fr
BAUDET Victor 1H 2 victor.baudet@esme.fr
BAUDRAND Alexia 1A 2 alexia.baudrand@esme.fr
BECHRAOUI Alexandre 1B 2 alexandre.bechraoui@esme.fr
BENBEKRITE Chloe 1C 2 chloe.benbekrite@esme.fr
BENMUSSA Ethan 1D 1 ethan.benmussa@esme.fr
BENNOUR Kenzi 1F 2 kenzi.bennour@esme.fr
BERDUGO David 1F 2 david.berdugo@esme.fr
BERGOT Charlotte 1G 1 charlotte.bergot@esme.fr
BERTIN Nicolas 1H 2 nicolas.bertin@esme.fr
BESSAA Adam 1A 2 adam.bessaa@esme.fr
BESSEGHIR Mehdi 1B 2 mehdi.besseghir@esme.fr
BOISSON Benjamin 1C 2 benjamin.boisson@esme.fr
BOUBAL Emily 1D 2 emily.boubal@esme.fr
BOUCHAND Leo 1E 2 leo.bouchand@esme.fr
BOUDON Gregoire 1F 2 gregoire.boudon@esme.fr
BOUDRANE Julia 1G 1 julia.boudrane@esme.fr
BOUHTOU Yanis 1H 2 yanis.bouhtou@esme.fr
BOUKHELIFA Antoine 1A 2 antoine.boukhelifa@esme.fr
BOUKI Aimee-Dorcas 1B 2 aimee-dorcas.bouki@esme.fr
BOUTIN Cedric 1C 1 cedric.boutin@esme.fr
BOUTON Guillaume 1D 2 guillaume.bouton@esme.fr
BOUVIER DES NOES Simon 1E 1 simon.bouvier-des-noes@esme.fr
BOYER-VIDAL Charles 1H 2 charles.boyer-vidal@esme.fr
BRASSEUR Noe 1G 1 noe.brasseur@esme.fr
BROUSSEAU Pierre 1H 2 pierre.brousseau@esme.fr
BROUSSET Emma 1A 2 emma.brousset@esme.fr
BUTLER Margaux 1B 1 margaux.butler@esme.fr
CABARON Karine 1C 2 karine.cabaron@esme.fr
CAILLARD Melusine 1D 1 melusine.caillard@esme.fr
CALDAROLA Matteo 1E 1 matteo.caldarola@esme.fr
CAMBRON Romain 1F 2 romain.cambron@esme.fr
CARO Dana 1G 1 dana.caro@esme.fr
CARRIER Rawi 1H 2 rawi.carrier@esme.fr
CAVANNA Lou 1A 1 lou.cavanna@esme.fr
CHAIGNON Edouard 1B 2 edouard.chaignon@esme.fr
CHAMBAZ Fausto 1C 1 fausto.chambaz@esme.fr
CHARARA Dany 1D 2 dany.charara@esme.fr
CHASKILEVITCH Hector 1E 2 hector.chaskilevitch@esme.fr
CHELMY Mateo 1F 2 mateo.chelmy@esme.fr
CHEVALIER Belen 1G 2 belen.chevalier@esme.fr
CHIGARD Cyprien 1H 2 cyprien.chigard@esme.fr
CHILA Matthieu 1A 1 matthieu.chila@esme.fr
CHOMMAUX Benjamin 1B 1 benjamin.chommaux@esme.fr
CHUQUET Hugo 1C 2 hugo.chuquet@esme.fr
COHEN Ethan 1D 2 ethan.cohen@esme.fr
COL-FOREST Amance 1E 1 amance.col-forest@esme.fr
COLLO Brian 1F 1 brian.collo@esme.fr
COMBES Antoine 1G 1 antoine.combes@esme.fr
COSSIN Edouard 1H 2 edouard.cossin@esme.fr
COUTAUD Charly 1F 1 charly.coutaud@esme.fr
CROIZE Flora 1A 2 flora.croize@esme.fr
CURE Thomas 1B 2 thomas.cure@esme.fr
DAHISSIHO Jean-David 1E 2 jean-david.dahissiho@esme.fr
DALLEMAGNE Cassandra 1C 2 cassandra.dallemagne@esme.fr
DAUBONNE Xavier 1D 1 xavier.daubonne@esme.fr
DE LESQUEN Gabriel 1E 1 gabriel.de-lesquen@esme.fr
DELVAUX Marie 1F 1 marie.delvaux@esme.fr
DEMIRJIAN Alexandre 1G 2 alexandre.demirjian@esme.fr
DESCHANDELLIERS Maxime 1H 1 maxime.deschandelliers@esme.fr
DESENFANTS Tristan 1A 1 tristan.desenfants@esme.fr
DEYRAT Arnaud 1B 2 arnaud.deyrat@esme.fr
DINY Ilyes 1C 2 ilyes.diny@esme.fr
DISSOUBRAY Raphael 1D 2 raphael.dissoubray@esme.fr
DOMINE Antoine 1E 1 antoine.domine@esme.fr
DUBOQUET Gaston 1F 2 gaston.duboquet@esme.fr
DUCHATELLE Hubert 1G 1 hubert.duchatelle@esme.fr
DUCHESNE Clement 1H 2 clement.duchesne@esme.fr
DUFOUR Lea 1A 1 lea.dufour@esme.fr
DURAND Julien 1B 2 julien.durand@esme.fr
DUTHEIL Guillaume 1C 2 guillaume.dutheil@esme.fr
DZIOPA Aurore 1D 1 aurore.dziopa@esme.fr
EKEDI EKWALA Raphael 1E 1 raphael.ekedi-ekwala@esme.fr
EL KARFI Hinde 1F 1 hinde.el-karfi@esme.fr
ENJOLRAS Eva 1G 1 eva.enjolras@esme.fr
FABRE Edouard 1H 1 edouard.fabre@esme.fr
FETTAR Hedi 1C 2 hedi.fettar@esme.fr
FLOQUET Maria 1B 2 maria.floquet@esme.fr
FOUSSARD Vincent 1C 1 vincent.foussard@esme.fr
FREDJ ZADOUN Zacharie 1D 1 zacharie.fredj-zadoun@esme.fr
FREREJEAN Clotilde 1E 2 clotilde.frerejean@esme.fr
FRUCHARD Louis 1F 2 louis.fruchard@esme.fr
FUZEAU Romain 1G 2 romain.fuzeau@esme.fr
GAO Loic 1H 2 loic.gao@esme.fr
GARAIN Theo 1A 1 theo.garain@esme.fr
GARCIA ORTIZ Vincent 1B 2 vincent.garcia-ortiz@esme.fr
GAUTHERET Emilie 1E 1 emilie.gautheret@esme.fr
GELIN Florian 1D 2 florian.gelin@esme.fr
GENIN Gautier 1E 2 gautier.genin@esme.fr
GENTILI Matteo 1F 2 matteo.gentili@esme.fr
GEORGI Arthur 1G 2 arthur.georgi@esme.fr
GREGOIRE Sandra 1H 1 sandra.gregoire@esme.fr
GROLLEAU Antoine 1A 1 antoine.grolleau@esme.fr
GUERY Nikita 1B 1 nikita.guery@esme.fr
GUYARD Paul 1C 1 paul.guyard@esme.fr
GUYON Mederic 1D 2 mederic.guyon@esme.fr
GUYOT Clotaire 1E 1 clotaire.guyot@esme.fr
HAMON Heloise 1F 1 heloise.hamon@esme.fr
HAMZAOUI Rayane 1G 1 rayane.hamzaoui@esme.fr
HAYARD Vincent 1H 1 vincent.hayard@esme.fr
HERRMANN Elisa 1A 1 elisa.herrmann@esme.fr
HUET Romain 1B 2 romain.huet@esme.fr
HUNEAULT Clement 1C 1 clement.huneault@esme.fr
ISOLA Quentin 1D 1 quentin.isola@esme.fr
JACIMOVIC Alexandre 1E 2 alexandre.jacimovic@esme.fr
JANIS Nicolas 1F 2 nicolas.janis@esme.fr
JEAMBON Juliette 1G 1 juliette.jeambon@esme.fr
JEAN-MARIE Cyrielle 1H 2 cyrielle.jean-marie@esme.fr
JOLY Alexandre 1A 1 alexandre.joly@esme.fr
JOUVENT Nicolas 1B 1 nicolas.jouvent@esme.fr
KAHN Marine 1C 1 marine.kahn@esme.fr
KAPLAN Mikail 1D 2 mikail.kaplan@esme.fr
KHACHAM Kenza 1F 2 kenza.khacham@esme.fr
KHALED Romain 1F 2 romain.khaled@esme.fr
KHAYAT Charlie 1G 1 charlie.khayat@esme.fr
KHEMAR Adam 1H 2 adam.khemar@esme.fr
KITTEN--LUNET DE LA MALENE Maxence 1A 2 maxence.kitten-lunet-de-la-malene@esme.fr
KRIM Adel 1B 1 adel.krim@esme.fr
LAASRI Nasser 1C 1 nasser.laasri@esme.fr
LACOUR Hugo 1D 2 hugo.lacour@esme.fr
LAGACHE Marie 1E 2 marie.lagache@esme.fr
LAMARQUE Paul-Henri 1F 1 paul-henri.lamarque@esme.fr
LAMRANI Yasmine 1G 2 yasmine.lamrani@esme.fr
LANDON Paul 1H 1 paul.landon@esme.fr
LARREGAIN Lea 1A 1 lea.larregain@esme.fr
LAUNE Clement 1B 1 clement.laune@esme.fr
LE GOC Edern 1C 1 edern.le-goc@esme.fr
LE LOSTEC Jacques-Erwann 1D 1 jacques-erwann.le-lostec@esme.fr
LEAUTEY Charles 1E 2 charles.leautey@esme.fr
LEBREC Leandre 1F 2 leandre.lebrec@esme.fr
LEFEVRE Antoine 1G 2 antoine.lefevre@esme.fr
LEGORRE Emeline 1H 1 emeline.legorre@esme.fr
LEPERE Sophie 1A 2 sophie.lepere@esme.fr
LEVY Nino 1B 1 nino.levy@esme.fr
LIONNET Nicolas 1C 2 nicolas.lionnet@esme.fr
LOPES Joshua 1D 1 joshua.lopes@esme.fr
LOTODE Robin 1E 1 robin.lotode@esme.fr
LOUDIYI Riyan 1F 2 riyan.loudiyi@esme.fr
LUISSINT Lionel 1G 2 lionel.luissint@esme.fr
MAIDANATZ Eric 1H 2 eric.maidanatz@esme.fr
MAKDA Ouneys 1A 2 ouneys.makda@esme.fr
MALLET-GUY Juliette 1B 2 juliette.mallet-guy@esme.fr
MANARY Noura 1C 2 noura.manary@esme.fr
MARQUES Oceane 1D 1 oceane.marques@esme.fr
MARTIN DIT NEUVILLE Nathan 1E 2 nathan.martin-dit-neuville@esme.fr
MATHIEU Sibylle 1F 1 sibylle.mathieu@esme.fr
MEISTER Tom 1G 2 tom.meister@esme.fr
MERLUS Justine 1H 1 justine.merlus@esme.fr
MISCHKE Elisa 1E 1 elisa.mischke@esme.fr
MITTEAU Alice 1B 1 alice.mitteau@esme.fr
MONDON Anais 1C 1 anais.mondon@esme.fr
MONTESINOS Guive 1D 2 guive.montesinos@esme.fr
MOREAU Alan 1E 2 alan.moreau@esme.fr
MORENO Alexis 1F 1 alexis.moreno@esme.fr
MOULIN Alexandre 1G 2 alexandre.moulin@esme.fr
MOUSTAHIB Ines 1H 1 ines.moustahib@esme.fr
NAVEZ Charles-Thomas 1B 2 charles-thomas.navez@esme.fr
N'DA Arielle 1A 2 arielle.n-da@esme.fr
NEZERAUD Meredith 1C 1 meredith.nezeraud@esme.fr
NGUYEN Vo-An 1D 1 vo-an.nguyen@esme.fr
NJOH TCHAPPI Leah 1E 2 leah.njoh-tchappi@esme.fr
NOVARIN Lucia 1F 1 lucia.novarin@esme.fr
OBRENOVITCH Milan 1G 1 milan.obrenovitch@esme.fr
OUBOUSKOUR Imane 1H 1 imane.oubouskour@esme.fr
OURY Marie 1A 1 marie.oury@esme.fr
PALIX Gaspard 1B 2 gaspard.palix@esme.fr
PANTIC Lazar 1C 2 lazar.pantic@esme.fr
PANZANI Luca 1D 2 luca.panzani@esme.fr
PAPILLON Albane 1E 1 albane.papillon@esme.fr
PARRIAUD Arthur 1F 2 arthur.parriaud@esme.fr
PASSEMARD Louis 1G 2 louis.passemard@esme.fr
PEREIRA FERREIRA Alex 1H 1 alex.pereira-ferreira@esme.fr
PERUCCA Clement 1A 2 clement.perucca@esme.fr
PETER Paul 1B 2 paul.peter@esme.fr
PIAT Lou-Anne 1C 2 lou-anne.piat@esme.fr
PINARDIN Theo 1D 1 theo.pinardin@esme.fr
POILLION Clara 1E 1 clara.poillion@esme.fr
POULAIN Agathe 1F 1 agathe.poulain@esme.fr
PROTOSENYA Fedor 1G 2 fedor.protosenya@esme.fr
PURTELL Gabriel 1H 1 gabriel.purtell@esme.fr
RANGAMA-PETCHY Djanagane 1A 2 djanagane.rangama-petchy@esme.fr
RIVIERE-WEKSTEIN Eyal 1B 1 eyal.riviere-wekstein@esme.fr
ROBIN Alexis 1C 1 alexis.robin@esme.fr
ROBIN Alix 1D 2 alix.robin@esme.fr
ROCHE Hugo 1E 2 hugo.roche@esme.fr
ROI Samuel 1F 1 samuel.roi@esme.fr
ROSEAU Ryan 1G 1 ryan.roseau@esme.fr
RUDA Alexandre 1H 1 alexandre.ruda@esme.fr
RYCKELYNCK Kyota 1A 2 kyota.ryckelynck@esme.fr
SAINTE-ROSE Ylona 1B 2 ylona.sainte-rose@esme.fr
SATHIANATHAN Sarugan 1G 2 sarugan.sathianathan@esme.fr
SAUVAGE Maxime 1C 2 maxime.sauvage@esme.fr
SAVI Apolline 1D 2 apolline.savi@esme.fr
SAVY Ambroise 1E 2 ambroise.savy@esme.fr
SEBAH Gabriel 1F 2 gabriel.sebah@esme.fr
SECHERRE Lalie-Rose-Melo 1G 2 lalie-rose-melo.secherre@esme.fr
SEUX Antoine 1H 1 antoine.seux@esme.fr
SIEYAJY LANGUE Gilles 1A 2 gilles.sieyajy-langue@esme.fr
SIMON Thomas 1B 1 thomas.simon@esme.fr
SLUSARCZYK Olivia 1C 2 olivia.slusarczyk@esme.fr
SOGHOYAN Arthur 1D 1 arthur.soghoyan@esme.fr
SOUIBES Rayane 1F 2 rayane.souibes@esme.fr
STUMM Sacha 1G 1 sacha.stumm@esme.fr
TALMANT Martin 1H 1 martin.talmant@esme.fr
TARAN Maxim 1A 1 maxim.taran@esme.fr
TARDIEU Etienne 1B 1 etienne.tardieu@esme.fr
TAVERNIER Romeo 1C 2 romeo.tavernier@esme.fr
TAVERNY Kelyan 1D 1 kelyan.taverny@esme.fr
TENCER David 1E 2 david.tencer@esme.fr
THEVENEY Mateo 1F 1 mateo.theveney@esme.fr
TILLMANN Aude 1G 2 aude.tillmann@esme.fr
TRITTO Nathan 1H 2 nathan.tritto@esme.fr
TURPAULT Alexis 1A 2 alexis.turpault@esme.fr
VAGLIANI Giovanni 1B 1 giovanni.vagliani@esme.fr
VALAT Marc 1C 1 marc.valat@esme.fr
VALENSI Jeremy 1D 2 jeremy.valensi@esme.fr
VANLIER Hugo 1E 1 hugo.vanlier@esme.fr
VASWANI Alexis 1F 1 alexis.vaswani@esme.fr
VERGON Louise 1G 1 louise.vergon@esme.fr
VIALONGA Antoine 1H 2 antoine.vialonga@esme.fr
VISCONTE Luc 1A 1 luc.visconte@esme.fr
VOJNOVIC Pierre 1B 2 pierre.vojnovic@esme.fr
WAGNER Mathilde 1C 1 mathilde.wagner@esme.fr
WAIDI Rayane 1D 1 rayane.waidi@esme.fr
WOLFF Oscar 1E 1 oscar.wolff@esme.fr
XIE Marc 1F 1 marc.xie@esme.fr
XU Christophe 1G 2 christophe.xu@esme.fr
ZARGOUNI Mohamed Yacine 1H 2 mohamed-yacine.zargouni@esme.fr
ZEMRI Ines 1A 1 ines.zemri@esme.fr
ZENOUDA Eitan 1B 1 eitan.zenouda@esme.fr
ZERROU Rim 1C 2 rim.zerrou@esme.fr
ZNAOR Nella 1D 2 nella.znaor@esme.fr
ZUILI Servane 1E 2 servane.zuili@esme.fr
